{
    "mainHall": {
        "grid": {
            "size": [
                20,
                10
            ],
            "scale": 0.5,
            "walkable": [
                160,
                180,
                161,
                181,
                162,
                182,
                103,
                123,
                143,
                163,
                183,
                104,
                124,
                144,
                164,
                184,
                105,
                125,
                145,
                165,
                185,
                106,
                126,
                146,
                166,
                186,
                107,
                127,
                147,
                167,
                187,
                108,
                128,
                148,
                168,
                188,
                109,
                129,
                149,
                169,
                189,
                110,
                130,
                150,
                170,
                190,
                111,
                131,
                151,
                171,
                191,
                112,
                132,
                152,
                172,
                192,
                53,
                73,
                93,
                113,
                133,
                153,
                173,
                193,
                34,
                54,
                74,
                94,
                114,
                134,
                154,
                174,
                194,
                15,
                35,
                55,
                75,
                95,
                115,
                135,
                155,
                175,
                195,
                16,
                36,
                116,
                136,
                156,
                176,
                196,
                17,
                37,
                117,
                137,
                157,
                118,
                138
            ]
        },
        "img": "levels/mainHall1.png",
        "pos": {
            "x": 4.1380077793149175,
            "y": 1.071422043312083,
            "z": 2.356278941700604
        },
        "rot": {
            "isEuler": true,
            "_x": -0.011528437467004634,
            "_y": 0.8847307469738368,
            "_z": 0.00892022302932174,
            "_order": "XYZ"
        },
        "doors": [
            {
                "x": 15,
                "z": 0,
                "destination": "study",
                "sx1": 1000,
                "sy1": 300,
                "sx2": 1100,
                "sy2": 500,
                "key": true
            },
            {
                "x": 16,
                "z": 9,
                "destination": "mainHall2",
                "sx1": 0,
                "sy1": 500,
                "sx2": 200,
                "sy2": 800,
                "key": false
            },
            {
                "x": 0,
                "z": 9,
                "destination": "mainHall3",
                "sx1": 200,
                "sy1": 350,
                "sx2": 260,
                "sy2": 450,
                "key": false
            }
        ]
    },
    "mainHall2": {
        "img": "levels/mainHall2.png",
        "grid": {
            "size": [
                4,
                7
            ],
            "scale": 0.5,
            "walkable": [
                0,
                4,
                8,
                12,
                16,
                20,
                24,
                1,
                5,
                9,
                13,
                17,
                21,
                25,
                2,
                6,
                10,
                14,
                18,
                22,
                11,
                15,
                19
            ]
        },
        "pos": {
            "x": 0.21807491504371157,
            "y": 0.6192519667012575,
            "z": 2.014712842049944
        },
        "rot": {
            "isEuler": true,
            "_x": 0.25735288142402846,
            "_y": 0.7322039293827876,
            "_z": -0.17416206836587897,
            "_order": "XYZ"
        },
        "doors": [
            {
                "x": 0,
                "z": 0,
                "destination": "mainHall",
                "sx1": "600",
                "sy1": "400",
                "sx2": "1100",
                "sy2": "600",
                "key": false
            }
        ],
        "items": [
            {
                "name": "study",
                "type": "key",
                "x": 0,
                "z": 6,
                "sx": 60,
                "sy": 730,
                "radius": 25,
                "collected": false,
                "image": "key.png",
                "scale": 1
            },
            {
                "name": "bandage",
                "type": "healing",
                "x": 0,
                "z": 6,
                "sx": 180,
                "sy": 750,
                "radius": 25,
                "collected": false,
                "image": "bandage.png",
                "scale": 1
            }
        ]
    },
    "mainHall3": {
        "img": "levels/mainHall3.png",
        "grid": {
            "size": [
                6,
                15
            ],
            "scale": 0.5,
            "walkable": [
                0,
                6,
                12,
                18,
                24,
                30,
                36,
                42,
                48,
                54,
                60,
                66,
                72,
                78,
                1,
                7,
                13,
                19,
                25,
                31,
                37,
                43,
                49,
                55,
                61,
                67,
                73,
                79,
                85,
                2,
                8,
                14,
                20,
                26,
                32,
                38,
                44,
                50,
                56,
                62,
                68,
                74,
                80,
                86,
                3,
                9,
                15,
                21,
                27,
                33,
                39,
                45,
                51,
                57,
                63,
                69,
                75,
                81,
                87,
                4,
                10,
                16,
                22,
                28,
                34,
                40,
                46,
                52,
                58,
                64,
                70,
                76,
                82,
                88,
                5,
                11,
                17,
                23,
                29,
                35,
                41,
                47,
                53,
                59,
                65,
                71,
                77,
                83,
                89
            ]
        },
        "pos": {
            "x": -1.058177736901799,
            "y": 1.7351012612413739,
            "z": 4.1842713421798985
        },
        "rot": {
            "isEuler": true,
            "_x": -0.678665343534165,
            "_y": -0.6545570463798216,
            "_z": -0.45640317208979114,
            "_order": "XYZ"
        },
        "doors": [
            {
                "x": 5,
                "z": 9,
                "destination": "dinningHall",
                "sx1": "500",
                "sy1": "90",
                "sx2": "5500",
                "sy2": "300",